{"cameraMode":{"drawMode":0,"name":"Shaded","section":"Shading Mode"},"sceneLighting":false,"audioPlay":false,"sceneViewState":{"showFog":true,"showMaterialUpdate":false,"showSkybox":true,"showFlares":true,"showImageEffects":true,"showParticleSystems":true},"in2DMode":false,"pivot":{"x":0.005387067794799805,"y":7.099999904632568,"z":0.0},"rotation":{"x":0.0035991165786981584,"y":-0.04529690369963646,"z":-0.00016243604477494955,"w":-0.9989671111106873},"size":14.289420127868653,"orthographic":true}