{"cameraMode":{"drawMode":0,"name":"Shaded","section":"Shading Mode"},"sceneLighting":false,"audioPlay":false,"sceneViewState":{"showFog":true,"showMaterialUpdate":false,"showSkybox":true,"showFlares":true,"showImageEffects":true,"showParticleSystems":true},"in2DMode":false,"pivot":{"x":-0.05884939432144165,"y":8.500275611877442,"z":-0.8833880424499512},"rotation":{"x":-0.24720627069473267,"y":0.027309129014611245,"z":-0.006969050969928503,"w":-0.9685529470443726},"size":5.540789604187012,"orthographic":true}