{"cameraMode":{"drawMode":0,"name":"Shaded","section":"Shading Mode"},"sceneLighting":false,"audioPlay":false,"sceneViewState":{"showFog":true,"showMaterialUpdate":false,"showSkybox":true,"showFlares":true,"showImageEffects":true,"showParticleSystems":true},"in2DMode":false,"pivot":{"x":0.005387067794799805,"y":7.099999904632568,"z":0.0},"rotation":{"x":-0.6078025698661804,"y":-0.08366124331951142,"z":0.06460971385240555,"w":-0.7870213389396668},"size":12.795573234558106,"orthographic":false}