{"cameraMode":{"drawMode":0,"name":"Shaded","section":"Shading Mode"},"sceneLighting":false,"audioPlay":false,"sceneViewState":{"showFog":true,"showMaterialUpdate":false,"showSkybox":true,"showFlares":true,"showImageEffects":true,"showParticleSystems":true},"in2DMode":false,"pivot":{"x":0.005387067794799805,"y":7.099999904632568,"z":0.0},"rotation":{"x":-0.04497327283024788,"y":0.11869389563798905,"z":-0.005381571128964424,"w":-0.9918973445892334},"size":14.289420127868653,"orthographic":false}